,AUD,CAD,CHF,EUR,GBP,USD
AUD,1,,,,,0.73133
CAD,,1,,,,0.75369
CHF,,,1,0.88533,,1.00814
EUR,,,1.12972,1,0.88671,
GBP,,,,1.12796,1,1.31
USD,1.3676,1.32697,0.99209,,0.77864,1
